,N,time full,truncated full
0,31,0.01856398582458496,0.020416975021362305
1,56,0.06175398826599121,0.07034182548522949
2,100,0.23104619979858398,0.23398709297180176
3,177,0.8398289680480957,0.5386381149291992
4,316,2.7766730785369873,1.223459005355835
5,562,10.422897100448608,3.2215449810028076
6,1000,37.85338878631592,9.238790273666382
7,1778,136.05278205871582,27.908089876174927
8,3162,537.6458728313446,79.21465706825256
9,5623,2263.8842601776123,244.7898349761963
